{
  "_page_0_Figure_12.jpeg": "https://knowhiztutorrag.blob.core.windows.net/knowhiztutorrag/file_appendix/613962b296a2c57f1cd6267378635595/images/_page_0_Figure_12.jpeg",
  "_page_0_Picture_1.jpeg": "https://knowhiztutorrag.blob.core.windows.net/knowhiztutorrag/file_appendix/613962b296a2c57f1cd6267378635595/images/_page_0_Picture_1.jpeg",
  "_page_3_Figure_12.jpeg": "https://knowhiztutorrag.blob.core.windows.net/knowhiztutorrag/file_appendix/613962b296a2c57f1cd6267378635595/images/_page_3_Figure_12.jpeg",
  "_page_3_Figure_6.jpeg": "https://knowhiztutorrag.blob.core.windows.net/knowhiztutorrag/file_appendix/613962b296a2c57f1cd6267378635595/images/_page_3_Figure_6.jpeg",
  "_page_4_Figure_4.jpeg": "https://knowhiztutorrag.blob.core.windows.net/knowhiztutorrag/file_appendix/613962b296a2c57f1cd6267378635595/images/_page_4_Figure_4.jpeg"
}