{
  "0__page_7_Picture_2.jpeg": "https://knowhiztutorrag.blob.core.windows.net/knowhiztutorrag/file_appendix/58735e8bfc537653a1e38fb844709a21/images/0__page_7_Picture_2.jpeg",
  "0__page_7_Picture_3.jpeg": "https://knowhiztutorrag.blob.core.windows.net/knowhiztutorrag/file_appendix/58735e8bfc537653a1e38fb844709a21/images/0__page_7_Picture_3.jpeg",
  "0__page_7_Picture_7.jpeg": "https://knowhiztutorrag.blob.core.windows.net/knowhiztutorrag/file_appendix/58735e8bfc537653a1e38fb844709a21/images/0__page_7_Picture_7.jpeg",
  "_page_0_Picture_0.jpeg": "https://knowhiztutorrag.blob.core.windows.net/knowhiztutorrag/file_appendix/58735e8bfc537653a1e38fb844709a21/images/_page_0_Picture_0.jpeg",
  "_page_5_Picture_6.jpeg": "https://knowhiztutorrag.blob.core.windows.net/knowhiztutorrag/file_appendix/58735e8bfc537653a1e38fb844709a21/images/_page_5_Picture_6.jpeg",
  "_page_6_Picture_2.jpeg": "https://knowhiztutorrag.blob.core.windows.net/knowhiztutorrag/file_appendix/58735e8bfc537653a1e38fb844709a21/images/_page_6_Picture_2.jpeg"
}